kickoff_uk,competition,home,away,model_home,model_draw,model_away,market_home,market_draw,market_away,model_pick,score,result,model_log_loss,market_log_loss
2026-09-21 08:00,Friendlies,Fiji,Vanuatu,0.4542,0.2959,0.2499,0.4796,0.2558,0.2646,home,0-1,away,1.3867,1.3295
2026-09-23 15:30,Gulf Cup,Iraq,Oman,0.4499,0.2767,0.2734,0.4743,0.2802,0.2455,home,1-1,draw,1.2848,1.2723
2026-09-23 17:00,Friendlies,Azerbaijan,Tajikistan,0.1498,0.2686,0.5816,0.5606,0.2464,0.193,away,1-0,home,1.8985,0.5787
2026-09-23 17:00,Friendlies,Gibraltar,Sao Tome and Principe,0.3453,0.3072,0.3476,0.7364,0.17,0.0935,away,0-0,draw,1.1803,1.772
2026-09-23 19:00,Gulf Cup,Saudi Arabia,Kuwait,0.6854,0.2234,0.0912,0.7226,0.1806,0.0968,home,1-0,home,0.3778,0.3249
2026-09-23 20:00,CONCACAF Nations League,Turks and Caicos Islands,Montserrat,0.2284,0.2376,0.534,0.0538,0.122,0.8242,away,0-2,away,0.6274,0.1933
2026-09-23 21:00,CONCACAF Nations League,Bahamas,Saint Martin,0.1642,0.2186,0.6173,0.0621,0.1205,0.8174,away,0-8,away,0.4824,0.2016
2026-09-24 00:00,CONCACAF Nations League,Aruba,Antigua and Barbuda,0.5539,0.2283,0.2177,0.3483,0.2618,0.3899,home,1-0,home,0.5908,1.0547
2026-09-24 08:00,Friendlies,Papua New Guinea,New Caledonia,0.3141,0.3074,0.3785,0.4398,0.2716,0.2886,away,1-2,away,0.9715,1.2427
2026-09-24 10:30,Friendlies,Palestine,New Zealand,0.2719,0.3037,0.4244,0.1971,0.2616,0.5413,away,2-2,draw,1.1917,1.3409
2026-09-24 11:05,Friendlies,Japan,Uruguay,0.6296,0.2433,0.1272,0.4573,0.2899,0.2529,home,3-1,home,0.4627,0.7824
2026-09-24 12:00,Friendlies,South Korea,Ecuador,0.4026,0.3033,0.2942,0.3844,0.2996,0.316,home,3-0,home,0.9098,0.9561
2026-09-24 12:35,Friendlies,China,Maldives,0.8357,0.1335,0.0308,0.961,0.0235,0.0155,home,3-0,home,0.1795,0.0398
2026-09-24 14:00,AFCON Q,Namibia,Congo,0.5463,0.2503,0.2034,0.4267,0.2987,0.2746,home,1-0,home,0.6046,0.8517
2026-09-24 15:00,Friendlies,Uzbekistan,Iran,0.2306,0.2967,0.4727,0.3356,0.3031,0.3614,away,3-1,home,1.4671,1.0918
2026-09-24 16:00,Gulf Cup,United Arab Emirates,Yemen,0.7452,0.1957,0.0591,0.6995,0.1935,0.107,home,4-0,home,0.2941,0.3574
2026-09-24 17:00,Nations League,Andorra,Malta,0.2599,0.2434,0.4967,0.2707,0.339,0.3903,away,1-2,away,0.6998,0.9408
2026-09-24 17:00,AFCON Q,Mauritania,Central African Republic,0.656,0.2154,0.1286,0.5478,0.2723,0.1798,home,3-1,home,0.4216,0.6018
2026-09-24 17:00,AFCON Q,Libya,Botswana,0.6784,0.2066,0.115,0.5777,0.2648,0.1575,home,2-2,draw,1.577,1.3288
2026-09-24 17:00,AFCON Q,Congo DR,Equatorial Guinea,0.7476,0.1756,0.0768,0.6302,0.2321,0.1377,home,2-0,home,0.2909,0.4617
2026-09-24 19:00,Gulf Cup,Qatar,Bahrain,0.433,0.2772,0.2898,0.4538,0.2793,0.2669,home,2-0,home,0.837,0.7901
2026-09-24 19:45,Nations League,Norway,Denmark,0.5126,0.2368,0.2507,0.5014,0.2577,0.2409,home,3-2,home,0.6683,0.6904
2026-09-24 19:45,Nations League,Liechtenstein,Lithuania,0.0879,0.177,0.7352,0.0853,0.1943,0.7203,away,0-2,away,0.3076,0.3281
2026-09-24 19:45,Nations League,Kosovo,Rep. Of Ireland,0.4163,0.2489,0.3348,0.3465,0.3057,0.3478,home,1-0,home,0.8763,1.0599
2026-09-24 19:45,Nations League,Netherlands,Germany,0.4828,0.2416,0.2756,0.4054,0.2555,0.3391,home,1-1,draw,1.4205,1.3645
2026-09-24 19:45,Nations League,Serbia,Greece,0.4476,0.2461,0.3063,0.368,0.2844,0.3476,home,1-2,away,1.1832,1.0567
2026-09-24 19:45,Nations League,Portugal,Wales,0.8256,0.1264,0.048,0.751,0.1673,0.0816,home,1-0,home,0.1916,0.2863
2026-09-24 19:45,Nations League,Austria,Israel,0.7748,0.1523,0.0729,0.6798,0.1961,0.1242,home,3-1,home,0.2552,0.386
2026-09-24 20:00,AFCON Q,Ivory Coast,Ghana,0.7553,0.1718,0.073,0.5546,0.2616,0.1838,home,2-0,home,0.2806,0.5895
2026-09-24 20:00,AFCON Q,Cameroon,Comoros,0.6753,0.2078,0.1168,0.7753,0.1612,0.0636,home,3-1,home,0.3926,0.2545
2026-09-24 20:00,AFCON Q,Tunisia,Uganda,0.6465,0.219,0.1345,0.6337,0.234,0.1323,home,1-1,draw,1.5187,1.4524
2026-09-24 20:00,AFCON Q,Sierra Leone,Zimbabwe,0.4356,0.2713,0.2931,0.3921,0.315,0.2928,home,2-3,away,1.2272,1.2283
2026-09-24 20:00,CONCACAF Nations League,Puerto Rico,Guyana,0.4041,0.2489,0.347,0.3343,0.286,0.3797,home,0-1,away,1.0584,0.9684
2026-09-25 01:00,CONCACAF Nations League,Dominican Republic,Nicaragua,0.5168,0.2354,0.2479,0.6,0.2394,0.1607,home,3-2,home,0.6601,0.5108
2026-09-25 01:10,CONCACAF Nations League,Cayman Islands,Dominica,0.2608,0.2428,0.4964,0.1535,0.222,0.6245,away,0-0,draw,1.4155,1.5051
2026-09-25 01:20,CONCACAF Nations League,Haiti,Trinidad and Tobago,0.6527,0.2006,0.1467,0.5843,0.2381,0.1776,home,3-2,home,0.4266,0.5373
2026-09-25 03:00,CONCACAF Nations League,Costa Rica,Curaçao,0.5435,0.2301,0.2265,0.543,0.2564,0.2007,home,3-4,away,1.485,1.6059
2026-09-25 11:00,Friendlies,Australia,Brazil,0.2442,0.2999,0.4559,0.1099,0.185,0.7051,away,1-1,draw,1.2043,1.6874
2026-09-25 14:00,AFCON Q,Mozambique,Senegal,0.0749,0.1877,0.7374,0.0951,0.1916,0.7133,away,1-1,draw,1.6729,1.6523
2026-09-25 14:00,AFCON Q,Tanzania,Guinea-Bissau,0.5705,0.2438,0.1857,0.3782,0.3229,0.2989,home,0-2,away,1.6836,1.2076
2026-09-25 15:00,Friendlies,India,Panama,0.1075,0.2429,0.6497,0.1131,0.2035,0.6834,away,1-1,draw,1.4151,1.5921
2026-09-25 16:00,AFCON Q,Niger,Lesotho,0.6628,0.2128,0.1244,0.5899,0.2546,0.1555,home,2-1,home,0.4113,0.5278
2026-09-25 17:00,Nations League,Georgia,Northern Ireland,0.5702,0.2246,0.2052,0.4917,0.2748,0.2336,home,0-1,away,1.5838,1.4541
2026-09-25 17:00,Nations League,Armenia,Latvia,0.4778,0.2423,0.2798,0.5377,0.2557,0.2066,home,2-0,home,0.7386,0.6205
2026-09-25 17:00,AFCON Q,Malawi,South Sudan,0.5579,0.2473,0.1948,0.609,0.2502,0.1408,home,2-1,home,0.5836,0.4959
2026-09-25 17:00,AFCON Q,Nigeria,Madagascar,0.8077,0.1437,0.0486,0.7412,0.1709,0.0879,home,2-1,home,0.2136,0.2995
2026-09-25 17:00,AFCON Q,Gambia,Somalia,0.7853,0.1561,0.0586,0.7452,0.1706,0.0841,home,2-1,home,0.2417,0.2941
2026-09-25 17:00,AFCON Q,Togo,Burundi,0.6242,0.2269,0.1489,0.5767,0.2587,0.1646,home,1-0,home,0.4713,0.5504
2026-09-25 17:00,AFCON Q,Rwanda,Liberia,0.5764,0.2421,0.1815,0.472,0.2908,0.2372,home,3-1,home,0.551,0.7508
2026-09-25 17:00,AFCON Q,Sudan,Ethiopia,0.4984,0.2612,0.2404,0.4856,0.2898,0.2246,home,1-0,home,0.6964,0.7224
2026-09-25 19:45,Nations League,Türkiye,France,0.1601,0.2168,0.6231,0.1575,0.2124,0.6301,away,0-1,away,0.473,0.4619
2026-09-25 19:45,Nations League,Poland,Bosnia & Herzegovina,0.6577,0.1994,0.1428,0.5713,0.2436,0.1851,home,0-0,draw,1.6124,1.4122
2026-09-25 19:45,Nations League,Italy,Belgium,0.3148,0.2494,0.4358,0.4095,0.2691,0.3214,away,0-2,away,0.8306,1.1351
2026-09-25 19:45,Nations League,Hungary,Ukraine,0.4153,0.249,0.3357,0.4229,0.2863,0.2908,home,0-1,away,1.0915,1.2351
2026-09-25 19:45,Nations League,Montenegro,Cyprus,0.6611,0.1983,0.1406,0.5768,0.2425,0.1808,home,2-1,home,0.4139,0.5503
2026-09-25 19:45,Nations League,Sweden,Romania,0.5818,0.2218,0.1964,0.6213,0.2152,0.1635,home,2-1,home,0.5416,0.4759
2026-09-25 20:00,AFCON Q,Burkina Faso,Benin,0.6655,0.2117,0.1228,0.6237,0.2421,0.1342,home,1-1,draw,1.5526,1.4184
2026-09-25 20:00,AFCON Q,Algeria,Zambia,0.8502,0.118,0.0318,0.6892,0.2087,0.102,home,3-1,home,0.1623,0.3722
2026-09-25 20:00,AFCON Q,Morocco,Gabon,0.8836,0.0959,0.0205,0.7265,0.1767,0.0967,home,2-0,home,0.1238,0.3195
2026-09-25 20:00,AFCON Q,Egypt,Angola,0.7571,0.1708,0.072,0.6522,0.2259,0.1219,home,0-0,draw,1.7673,1.4877
2026-09-25 20:00,AFCON Q,Mali,Cape Verde Islands,0.4809,0.2645,0.2546,0.465,0.3138,0.2212,home,3-1,home,0.7321,0.7657
2026-09-25 20:00,CONCACAF Nations League,Bermuda,Guadeloupe,0.1164,0.1951,0.6885,0.2638,0.2902,0.4459,away,1-2,away,0.3732,0.8077
2026-09-25 22:00,CONCACAF Nations League,Grenada,Cuba,0.4991,0.2384,0.2625,0.3225,0.296,0.3815,home,0-3,away,1.3375,0.9636
2026-09-26 01:00,CONCACAF Nations League,Jamaica,Guatemala,0.5611,0.2262,0.2127,0.5124,0.2745,0.213,home,3-2,home,0.5779,0.6686
2026-09-26 01:00,CONCACAF Nations League,Barbados,St. Lucia,0.2829,0.2458,0.4713,0.2917,0.2742,0.4341,away,2-0,home,1.2627,1.232
2026-09-26 02:00,CONCACAF Nations League,Honduras,Suriname,0.5061,0.2373,0.2567,0.5067,0.2737,0.2196,home,2-3,away,1.3598,1.5159
2026-09-26 04:00,CONCACAF Nations League,El Salvador,Martinique,0.4765,0.2419,0.2817,0.5127,0.2675,0.2197,home,3-1,home,0.7413,0.6681
2026-09-26 14:00,Nations League,Slovenia,Scotland,0.3457,0.2507,0.4036,0.346,0.3014,0.3526,away,0-0,draw,1.3835,1.1993
2026-09-26 14:00,AFCON Q,Kenya,Eritrea,0.5437,0.2511,0.2052,0.6788,0.219,0.1021,home,1-1,draw,1.3819,1.5187
2026-09-26 14:00,AFCON Q,South Africa,Guinea,0.6436,0.2202,0.1362,0.4958,0.2975,0.2067,home,2-1,home,0.4407,0.7016
2026-09-26 16:00,Gulf Cup,Kuwait,Iraq,0.177,0.2236,0.5994,0.2133,0.289,0.4977,away,2-3,away,0.5118,0.6978
2026-09-26 17:00,Nations League,Iceland,Estonia,0.7214,0.1758,0.1028,0.6568,0.2164,0.1268,home,1-1,draw,1.7384,1.5306
2026-09-26 17:00,Nations League,Bulgaria,Luxembourg,0.3652,0.2509,0.3839,0.4828,0.283,0.2342,away,1-2,away,0.9574,1.4516
2026-09-26 17:00,Nations League,San Marino,Finland,0.0161,0.0868,0.8971,0.0316,0.1148,0.8536,away,0-7,away,0.1086,0.1583
2026-09-26 17:00,Nations League,Faroe Islands,Kazakhstan,0.4446,0.2464,0.309,0.3511,0.2964,0.3525,home,1-1,draw,1.4008,1.216
2026-09-26 19:00,Gulf Cup,Oman,Saudi Arabia,0.3462,0.2731,0.3807,0.1586,0.2555,0.5859,away,0-3,away,0.9657,0.5346
2026-09-26 19:45,Nations League,Czechia,Croatia,0.2359,0.2391,0.525,0.3035,0.2688,0.4277,away,1-2,away,0.6444,0.8493
2026-09-26 19:45,Nations League,England,Spain,0.299,0.2482,0.4529,0.3434,0.2862,0.3704,away,2-3,away,0.7921,0.9932
2026-09-26 19:45,Nations League,FYR Macedonia,Switzerland,0.07,0.1623,0.7677,0.1248,0.197,0.6782,away,0-3,away,0.2644,0.3883
2026-09-26 19:45,Nations League,Albania,Belarus,0.5334,0.2328,0.2338,0.6276,0.2359,0.1364,home,2-0,home,0.6285,0.4659
2026-09-26 19:45,Nations League,Slovakia,Moldova,0.8512,0.1119,0.0369,0.725,0.1823,0.0926,home,2-0,home,0.1611,0.3216
2026-09-26 20:00,CONCACAF Nations League,Montserrat,British Virgin Islands,0.7184,0.1746,0.107,0.7363,0.1658,0.0979,home,3-0,home,0.3307,0.3061
2026-09-26 21:00,CONCACAF Nations League,Saint Martin,US Virgin Islands,0.8063,0.135,0.0587,0.826,0.1028,0.0712,home,0-2,away,2.8353,2.6423
2026-09-26 21:30,Friendlies,USA,Peru,0.6725,0.225,0.1025,0.6432,0.2205,0.1362,home,4-1,home,0.3968,0.4413
2026-09-26 22:00,CONCACAF Nations League,St. Vincent / Grenadines,French Guyana,0.4561,0.2413,0.3027,0.2364,0.2513,0.5124,home,2-1,home,0.785,1.4422
2026-09-27 00:00,Friendlies,Canada,Chile,0.6054,0.253,0.1416,0.5704,0.2484,0.1812,home,1-0,home,0.5019,0.5614
2026-09-27 00:00,CONCACAF Nations League,Antigua and Barbuda,Anguilla,0.6156,0.2094,0.175,0.8431,0.1145,0.0424,home,5-0,home,0.4852,0.1707
2026-09-27 02:00,Friendlies,Mexico,Colombia,0.3646,0.3076,0.3278,0.3664,0.2875,0.3461,home,1-1,draw,1.179,1.2465
2026-09-27 03:00,CONCACAF Nations League,Sint Maarten,Belize,0.5145,0.2327,0.2528,0.2952,0.2691,0.4357,home,0-1,away,1.3752,0.8308
2026-09-27 05:00,Friendlies,Cook Islands,Tahiti,0.1853,0.2854,0.5293,0.0519,0.0984,0.8497,away,1-3,away,0.6362,0.1629
2026-09-27 08:00,Friendlies,Fiji,Papua New Guinea,0.4733,0.2927,0.2341,0.4626,0.257,0.2804,home,2-0,home,0.748,0.7709
2026-09-27 12:35,Friendlies,China,New Zealand,0.342,0.3085,0.3495,0.3578,0.283,0.3592,away,0-3,away,1.0513,1.0239
2026-09-27 13:00,Friendlies,Seychelles,Sri Lanka,0.1909,0.2874,0.5217,0.3501,0.2864,0.3635,away,0-3,away,0.6507,1.012
2026-09-27 14:00,Nations League,Lithuania,Azerbaijan,0.3865,0.2504,0.3631,0.3467,0.3103,0.3429,home,1-1,draw,1.3847,1.1702
2026-09-27 16:00,Gulf Cup,Yemen,Qatar,0.2082,0.2373,0.5545,0.0957,0.1653,0.739,away,0-1,away,0.5897,0.3025
2026-09-27 17:00,Nations League,Gibraltar,Andorra,0.3964,0.25,0.3535,0.3345,0.3304,0.3351,home,0-0,draw,1.3863,1.1075
2026-09-27 17:00,Nations League,Denmark,Wales,0.7086,0.1809,0.1105,0.5255,0.262,0.2125,home,2-0,home,0.3445,0.6434
2026-09-27 17:00,Nations League,Austria,Kosovo,0.7023,0.1834,0.1143,0.6153,0.2244,0.1603,home,3-1,home,0.3534,0.4856
2026-09-27 17:00,Nations League,Serbia,Netherlands,0.1365,0.2064,0.6571,0.2102,0.2468,0.543,away,1-2,away,0.4199,0.6106
2026-09-27 17:30,Friendlies,Malta,Liechtenstein,0.8221,0.1425,0.0354,0.6927,0.2176,0.0897,home,2-0,home,0.1959,0.3672
2026-09-27 18:00,Friendlies,Jordan,Syria,0.5971,0.2563,0.1466,0.6004,0.25,0.1496,home,1-1,draw,1.3614,1.3863
2026-09-27 19:00,Gulf Cup,Bahrain,United Arab Emirates,0.1842,0.2267,0.5891,0.1658,0.2511,0.5831,away,0-3,away,0.5292,0.5394
2026-09-27 19:45,Nations League,Israel,Rep. Of Ireland,0.3138,0.2493,0.4368,0.3176,0.2803,0.4021,away,0-3,away,0.8283,0.9111
2026-09-27 19:45,Nations League,Germany,Greece,0.745,0.1658,0.0891,0.6806,0.1906,0.1288,home,0-1,away,2.418,2.0495
2026-09-27 19:45,Nations League,Norway,Portugal,0.3245,0.25,0.4255,0.3319,0.2575,0.4106,away,1-2,away,0.8545,0.8901
2026-09-27 20:00,CONCACAF Nations League,Guyana,Cayman Islands,0.8321,0.1214,0.0465,0.8708,0.0966,0.0325,home,2-0,home,0.1838,0.1383
2026-09-27 21:30,Friendlies,Bolivia,Paraguay,0.1992,0.2901,0.5107,0.1408,0.2119,0.6473,away,0-2,away,0.672,0.4349
2026-09-28 11:25,Friendlies,Japan,Venezuela,0.7949,0.1597,0.0454,0.7073,0.1896,0.1031,home,2-1,home,0.2295,0.3463
2026-09-28 12:00,Friendlies,South Korea,Uruguay,0.4921,0.2884,0.2195,0.4131,0.2851,0.3018,home,1-4,away,1.5164,1.198
2026-09-28 17:00,Nations League,Latvia,Cyprus,0.4776,0.2423,0.2801,0.371,0.2854,0.3436,home,0-0,draw,1.4176,1.2539
2026-09-28 17:00,Nations League,Armenia,Montenegro,0.288,0.2472,0.4649,0.3536,0.2818,0.3647,away,2-3,away,0.7659,1.0087
2026-09-28 17:00,Nations League,Georgia,Ukraine,0.3616,0.2509,0.3875,0.354,0.2886,0.3574,away,0-0,draw,1.3827,1.2427
2026-09-28 17:00,AFCON Q,Zimbabwe,Congo DR,0.144,0.2364,0.6196,0.184,0.2944,0.5216,away,1-2,away,0.4787,0.6509
2026-09-28 17:00,AFCON Q,Equatorial Guinea,Sierra Leone,0.5889,0.2387,0.1724,0.4703,0.2958,0.2339,home,1-0,home,0.5295,0.7544
2026-09-28 17:00,AFCON Q,Central African Republic,Burkina Faso,0.1162,0.2209,0.663,0.1042,0.2177,0.6781,away,0-1,away,0.411,0.3885
2026-09-28 19:45,Nations League,Romania,Bosnia & Herzegovina,0.5362,0.2321,0.2316,0.4397,0.2789,0.2814,home,2-4,away,1.4627,1.268
2026-09-28 19:45,Nations League,Northern Ireland,Hungary,0.2725,0.2453,0.4822,0.2804,0.3056,0.414,away,0-0,draw,1.4053,1.1855
2026-09-28 19:45,Nations League,Türkiye,Italy,0.3724,0.2508,0.3768,0.2913,0.2784,0.4303,away,1-4,away,0.976,0.8433
2026-09-28 19:45,Nations League,Sweden,Poland,0.4514,0.2457,0.303,0.485,0.2647,0.2504,home,3-1,home,0.7954,0.7236
2026-09-28 19:45,Nations League,Belgium,France,0.3213,0.2498,0.4288,0.2787,0.2617,0.4596,away,0-1,away,0.8468,0.7774
2026-09-28 20:00,CONCACAF Nations League,Guadeloupe,Barbados,0.8316,0.1215,0.047,0.4801,0.2798,0.2401,home,2-2,draw,2.1078,1.2737
2026-09-28 20:00,AFCON Q,Botswana,Tunisia,0.1534,0.2408,0.6057,0.0494,0.1567,0.7939,away,2-2,draw,1.4238,1.8534
2026-09-28 22:00,CONCACAF Nations League,Cuba,Bonaire,0.589,0.216,0.195,0.8169,0.1295,0.0536,home,2-0,home,0.5293,0.2022
2026-09-28 23:00,CONCACAF Nations League,Suriname,Martinique,0.6873,0.1859,0.1268,0.5901,0.2455,0.1644,home,2-1,home,0.375,0.5275
2026-09-29 01:00,CONCACAF Nations League,Jamaica,Honduras,0.5186,0.2313,0.2501,0.4258,0.2817,0.2925,home,0-1,away,1.3859,1.2293
2026-09-29 01:00,CONCACAF Nations League,St. Kitts and Nevis,Grenada,0.4632,0.2397,0.2971,0.2795,0.2423,0.4782,home,3-0,home,0.7696,1.2748
2026-09-29 01:00,CONCACAF Nations League,St. Lucia,Bermuda,0.4608,0.2399,0.2993,0.3326,0.2644,0.403,home,5-2,home,0.7748,1.1008
2026-09-29 03:00,CONCACAF Nations League,Guatemala,El Salvador,0.5667,0.2214,0.2119,0.4613,0.2713,0.2674,home,6-0,home,0.5679,0.7737
2026-09-29 11:00,Friendlies,Australia,Brazil,0.2549,0.3025,0.4426,0.1007,0.1774,0.7219,away,2-4,away,0.8151,0.3259
2026-09-29 12:00,AFCON Q,Comoros,Namibia,0.6524,0.2172,0.1304,0.4945,0.2951,0.2103,home,1-0,home,0.4271,0.7042
2026-09-29 14:00,AFCON Q,South Sudan,Egypt,0.0291,0.1288,0.842,0.0643,0.1538,0.7819,away,0-5,away,0.172,0.246
2026-09-29 14:00,AFCON Q,Lesotho,Morocco,0.0116,0.0861,0.9023,0.0231,0.0676,0.9094,away,0-2,away,0.1028,0.095
2026-09-29 14:00,AFCON Q,Ethiopia,Senegal,0.0599,0.1734,0.7667,0.0804,0.1681,0.7515,away,0-1,away,0.2657,0.2857
2026-09-29 14:00,AFCON Q,Burundi,Algeria,0.0455,0.1549,0.7995,0.088,0.1847,0.7273,away,2-2,draw,1.865,1.689
2026-09-29 14:00,AFCON Q,Mozambique,Sudan,0.4991,0.2617,0.2392,0.4765,0.3155,0.2079,home,4-1,home,0.6949,0.7413
2026-09-29 14:00,AFCON Q,Madagascar,Tanzania,0.5389,0.2527,0.2083,0.3956,0.3137,0.2907,home,1-1,draw,1.3756,1.1593
2026-09-29 17:00,Nations League,Moldova,Faroe Islands,0.3125,0.2493,0.4382,0.4026,0.2987,0.2987,away,1-1,draw,1.3891,1.2083
2026-09-29 17:00,Nations League,Finland,Belarus,0.4001,0.2484,0.3516,0.4914,0.2886,0.2201,home,0-0,draw,1.3927,1.2427
2026-09-29 17:00,Friendlies,Russia,Iran,0.3642,0.3073,0.3284,0.5638,0.2604,0.1758,home,2-0,home,1.0101,0.5731
2026-09-29 17:00,AFCON Q,Cape Verde Islands,Rwanda,0.7357,0.1814,0.0829,0.6257,0.2461,0.1282,home,1-2,away,2.4901,2.0542
2026-09-29 17:00,AFCON Q,Zambia,Togo,0.4189,0.2739,0.3072,0.4704,0.3026,0.227,home,2-0,home,0.8701,0.7542
2026-09-29 17:00,AFCON Q,Ghana,Gambia,0.546,0.2509,0.203,0.6303,0.2321,0.1375,home,2-4,away,1.5945,1.9841
2026-09-29 17:00,AFCON Q,Uganda,Libya,0.471,0.2669,0.2621,0.4743,0.3036,0.2221,home,1-0,home,0.7529,0.7459
2026-09-29 17:00,AFCON Q,Guinea-Bissau,Nigeria,0.0793,0.1927,0.728,0.1316,0.2475,0.6209,away,3-0,home,2.5345,2.028
2026-09-29 18:00,AFCON Q,Benin,Mauritania,0.4918,0.2631,0.2451,0.3816,0.3196,0.2988,home,2-1,home,0.7097,0.9634
2026-09-29 18:30,Gulf Cup,Saudi Arabia,Iraq,0.4819,0.2742,0.2439,0.4726,0.296,0.2315,home,2-0,home,0.73,0.7495
2026-09-29 18:30,Gulf Cup,Oman,Kuwait,0.6288,0.2441,0.1271,0.5789,0.247,0.1741,home,3-1,home,0.4639,0.5466
2026-09-29 19:45,Nations League,Spain,Croatia,0.7806,0.1494,0.07,0.7256,0.1798,0.0946,home,4-1,home,0.2477,0.3208
2026-09-29 19:45,Nations League,San Marino,Albania,0.0084,0.0646,0.927,0.0134,0.0597,0.9269,away,0-3,away,0.0758,0.0759
2026-09-29 19:45,Nations League,Scotland,Switzerland,0.2222,0.2362,0.5416,0.2761,0.2749,0.449,away,0-3,away,0.6132,0.8007
2026-09-29 19:45,Nations League,Bulgaria,Estonia,0.5491,0.2294,0.2215,0.6152,0.2428,0.142,home,0-0,draw,1.4723,1.4155
2026-09-29 19:45,Nations League,Slovenia,FYR Macedonia,0.628,0.2088,0.1632,0.555,0.2588,0.1863,home,2-0,home,0.4652,0.5888
2026-09-29 19:45,Nations League,Slovakia,Kazakhstan,0.7827,0.1484,0.0689,0.7185,0.1966,0.0849,home,2-1,home,0.245,0.3306
2026-09-29 19:45,Nations League,Czechia,England,0.0924,0.1805,0.7271,0.1439,0.2113,0.6448,away,0-2,away,0.3187,0.4388
2026-09-29 19:45,Nations League,Luxembourg,Iceland,0.3265,0.2485,0.4249,0.3427,0.2782,0.3791,away,0-3,away,0.8559,0.97
2026-09-29 20:00,AFCON Q,Congo,Cameroon,0.0732,0.1874,0.7394,0.1676,0.2597,0.5727,away,1-1,draw,1.6745,1.3482
2026-09-29 20:00,AFCON Q,Gabon,Niger,0.57,0.2445,0.1855,0.5952,0.253,0.1518,home,2-0,home,0.5621,0.5189
2026-09-29 20:00,AFCON Q,Liberia,Mali,0.0867,0.1991,0.7141,0.1402,0.2398,0.62,away,0-1,away,0.3367,0.478
2026-09-29 20:00,AFCON Q,Somalia,Ivory Coast,0.0201,0.1094,0.8705,0.0298,0.0808,0.8894,away,0-2,away,0.1387,0.1172
2026-09-30 01:00,Friendlies,USA,Chile,0.6408,0.2389,0.1203,0.6568,0.2114,0.1318,home,4-2,home,0.445,0.4204
2026-09-30 02:00,Friendlies,Mexico,Peru,0.7627,0.1787,0.0586,0.6381,0.2297,0.1322,home,1-1,draw,1.722,1.471
2026-09-30 08:00,Friendlies,Fiji,New Caledonia,0.4004,0.3041,0.2956,0.5716,0.2179,0.2105,home,2-1,home,0.9153,0.5593
2026-09-30 13:00,Friendlies,Seychelles,Sri Lanka,0.1584,0.2733,0.5682,0.278,0.278,0.4441,away,0-2,away,0.5653,0.8117
2026-09-30 17:00,AFCON Q,Eritrea,South Africa,0.1731,0.2487,0.5781,0.0484,0.111,0.8405,away,0-5,away,0.548,0.1738
2026-09-30 17:00,Friendlies,Lithuania,Andorra,0.6147,0.2495,0.1357,0.5694,0.2668,0.1638,home,3-0,home,0.4866,0.5632
2026-09-30 18:30,Gulf Cup,United Arab Emirates,Qatar,0.6143,0.2483,0.1375,0.5194,0.2642,0.2164,home,1-1,draw,1.3931,1.331
2026-09-30 18:30,Gulf Cup,Bahrain,Yemen,0.5723,0.2593,0.1684,0.5617,0.2563,0.182,home,2-5,away,1.7814,1.7037
2026-10-01 01:00,Friendlies,Argentina,Bolivia,0.9246,0.0678,0.0076,0.8731,0.0923,0.0346,home,4-0,home,0.0784,0.1357
2026-10-01 15:00,Friendlies,Uzbekistan,Syria,0.6796,0.2218,0.0986,0.6929,0.2054,0.1017,home,4-1,home,0.3863,0.3669
2026-10-01 15:00,Friendlies,Maldives,Lebanon,0.0901,0.2286,0.6813,0.0269,0.0807,0.8924,away,0-6,away,0.3838,0.1138
2026-10-01 17:00,Nations League,Azerbaijan,Liechtenstein,0.8699,0.0994,0.0307,0.8676,0.1101,0.0224,home,0-0,draw,2.3086,2.2064
2026-10-01 17:00,AFCON Q,Guinea,Kenya,0.5483,0.2505,0.2012,0.5318,0.3019,0.1663,home,1-0,home,0.6009,0.6315
2026-10-01 19:45,Nations League,Germany,Serbia,0.7558,0.1603,0.0839,0.4,0.2,0.4,home,2-0,home,0.28,0.9163
2026-10-01 19:45,Nations League,Greece,Netherlands,0.1437,0.2065,0.6498,0.2377,0.2612,0.5011,away,2-2,draw,1.5775,1.3425
2026-10-01 19:45,Nations League,Wales,Norway,0.1344,0.2021,0.6635,0.2687,0.2558,0.4755,away,2-1,home,2.0069,1.3142
2026-10-01 19:45,Nations League,Denmark,Portugal,0.2463,0.2372,0.5165,0.259,0.2723,0.4688,away,2-4,away,0.6607,0.7576
2026-10-01 19:45,Nations League,Israel,Kosovo,0.2978,0.2432,0.459,0.3216,0.2773,0.401,away,0-0,draw,1.4139,1.2827
2026-10-01 19:45,Nations League,Rep. Of Ireland,Austria,0.1986,0.2253,0.5761,0.274,0.2823,0.4437,away,2-2,draw,1.4903,1.2648
2026-10-01 19:45,Nations League,Malta,Gibraltar,0.685,0.1867,0.1283,0.7261,0.1956,0.0782,home,1-1,draw,1.6783,1.6317
2026-10-01 20:00,CONCACAF Nations League,British Virgin Islands,Montserrat,0.1795,0.2204,0.6001,0.0767,0.1364,0.7869,away,0-2,away,0.5107,0.2397
2026-10-01 21:00,CONCACAF Nations League,US Virgin Islands,Saint Martin,0.2026,0.2265,0.5708,0.12,0.1728,0.7072,away,0-5,away,0.5607,0.3464
2026-10-01 22:00,CONCACAF Nations League,Dominica,Guyana,0.1464,0.2067,0.6469,0.0768,0.1704,0.7527,away,1-5,away,0.4356,0.2841
2026-10-01 23:00,CONCACAF Nations League,Curaçao,Trinidad and Tobago,0.6679,0.1931,0.139,0.5432,0.2558,0.201,home,1-0,home,0.4036,0.6103
2026-10-02 01:00,CONCACAF Nations League,Cayman Islands,Puerto Rico,0.0983,0.1804,0.7213,0.032,0.0928,0.8752,away,0-3,away,0.3267,0.1333
2026-10-02 01:00,CONCACAF Nations League,Dominican Republic,Haiti,0.2878,0.2423,0.4699,0.2879,0.2543,0.4578,away,1-4,away,0.7552,0.7813
2026-10-02 03:00,CONCACAF Nations League,Nicaragua,Costa Rica,0.1982,0.2252,0.5767,0.1529,0.2185,0.6286,away,0-3,away,0.5504,0.4643
2026-10-02 12:00,Friendlies,South Korea,Venezuela,0.6502,0.235,0.1148,0.5345,0.2561,0.2093,home,0-0,draw,1.4482,1.3622
2026-10-02 12:35,Friendlies,China,Palestine,0.4399,0.2984,0.2617,0.4431,0.2326,0.3242,home,0-5,away,1.3406,1.1264
2026-10-02 14:00,Friendlies,Congo DR,Uganda,0.6909,0.2167,0.0925,0.54,0.2732,0.1868,home,0-2,away,2.3805,1.6777
2026-10-02 15:00,Nations League,Kazakhstan,Moldova,0.5839,0.2173,0.1989,0.562,0.2573,0.1807,home,1-2,away,1.615,1.7109
2026-10-02 17:00,Nations League,Latvia,Montenegro,0.2261,0.2322,0.5417,0.1959,0.2774,0.5268,away,1-2,away,0.613,0.6409
2026-10-02 17:00,Nations League,Cyprus,Armenia,0.3525,0.2464,0.4011,0.4026,0.2848,0.3126,away,2-0,home,1.0427,0.9098
2026-10-02 19:45,Nations League,Belgium,Türkiye,0.6765,0.1902,0.1332,0.6487,0.1966,0.1547,home,3-0,home,0.3908,0.4328
2026-10-02 19:45,Nations League,Bosnia & Herzegovina,Sweden,0.2261,0.2324,0.5415,0.2918,0.26,0.4482,away,1-1,draw,1.4593,1.3471
2026-10-02 19:45,Nations League,Faroe Islands,Slovakia,0.1099,0.188,0.7021,0.1703,0.2587,0.571,away,1-1,draw,1.6713,1.3521
2026-10-02 19:45,Nations League,Ukraine,Northern Ireland,0.6296,0.2053,0.1652,0.5004,0.2835,0.2161,home,0-3,away,1.8006,1.532
2026-10-02 19:45,Nations League,France,Italy,0.6928,0.1844,0.1229,0.6621,0.1959,0.142,home,1-1,draw,1.6906,1.6302
2026-10-02 19:45,Nations League,Poland,Romania,0.5799,0.2187,0.2014,0.6012,0.2345,0.1643,home,6-0,home,0.5449,0.5088
2026-10-02 19:45,Nations League,Hungary,Georgia,0.4888,0.2366,0.2746,0.465,0.2783,0.2567,home,1-0,home,0.7158,0.7657
2026-10-02 20:00,CONCACAF Nations League,St. Lucia,Guadeloupe,0.1477,0.2072,0.6451,0.3056,0.2471,0.4472,away,3-0,home,1.9126,1.1855
2026-10-02 22:00,CONCACAF Nations League,St. Kitts and Nevis,Cuba,0.4449,0.2421,0.313,0.2374,0.2647,0.4979,home,3-3,draw,1.4184,1.3292
2026-10-02 23:00,CONCACAF Nations League,Suriname,Guatemala,0.4575,0.2423,0.3003,0.4311,0.2783,0.2906,home,0-0,draw,1.4176,1.2791
2026-10-03 01:00,Friendlies,Colombia,Paraguay,0.7137,0.2052,0.0811,0.5451,0.2629,0.192,home,0-1,away,2.5121,1.6503
2026-10-03 01:00,CONCACAF Nations League,Barbados,Bermuda,0.4319,0.2448,0.3233,0.4922,0.2335,0.2743,home,4-1,home,0.8396,0.7089
2026-10-03 01:00,CONCACAF Nations League,Bonaire,Grenada,0.324,0.2467,0.4293,0.2022,0.2549,0.5429,away,2-3,away,0.8456,0.6108
2026-10-03 01:00,CONCACAF Nations League,Martinique,Honduras,0.1652,0.2153,0.6195,0.2129,0.272,0.5151,away,2-1,home,1.8006,1.5469
2026-10-03 03:00,CONCACAF Nations League,El Salvador,Jamaica,0.1831,0.2217,0.5952,0.2776,0.2862,0.4362,away,0-2,away,0.5189,0.8297
2026-10-03 14:00,Nations League,Finland,Albania,0.2919,0.2427,0.4654,0.39,0.2954,0.3146,away,2-1,home,1.2313,0.9416
2026-10-03 15:00,Friendlies,India,Brazil,0.0169,0.1148,0.8684,0.0209,0.0454,0.9336,away,0-4,away,0.1411,0.0687
2026-10-03 16:00,Friendlies,Russia,Namibia,0.8797,0.1028,0.0174,0.8518,0.1121,0.0362,home,6-0,home,0.1282,0.1604
2026-10-03 16:55,Gulf Cup,Saudi Arabia,Qatar,0.6199,0.2466,0.1335,0.5767,0.2533,0.17,home,0-0,draw,1.4,1.3732
2026-10-03 17:00,Nations League,Croatia,England,0.2328,0.234,0.5333,0.4,0.2,0.4,away,0-7,away,0.6287,0.9163
2026-10-03 17:00,Nations League,Belarus,San Marino,0.9436,0.0492,0.0072,0.8478,0.1151,0.0372,home,4-0,home,0.0581,0.1651
2026-10-03 17:00,Nations League,Estonia,Luxembourg,0.2856,0.2421,0.4723,0.3162,0.3019,0.382,away,1-0,home,1.2532,1.1514
2026-10-03 17:00,Nations League,Iceland,Bulgaria,0.6629,0.1948,0.1423,0.6629,0.2115,0.1255,home,3-0,home,0.4111,0.4111
2026-10-03 19:00,Friendlies,Canada,Peru,0.6753,0.224,0.1007,0.5836,0.2368,0.1797,home,2-0,home,0.3926,0.5385
2026-10-03 19:30,Gulf Cup,United Arab Emirates,Oman,0.5299,0.2677,0.2024,0.586,0.2359,0.1781,home,1-0,home,0.6351,0.5344
2026-10-03 19:45,Nations League,FYR Macedonia,Scotland,0.1786,0.2194,0.602,0.2542,0.2549,0.4908,away,0-2,away,0.5075,0.7117
2026-10-03 19:45,Nations League,Spain,Czechia,0.8967,0.0827,0.0207,0.8122,0.1411,0.0467,home,3-1,home,0.109,0.208
2026-10-03 19:45,Nations League,Switzerland,Slovenia,0.7503,0.1615,0.0883,0.7027,0.1982,0.0991,home,2-1,home,0.2873,0.3528
2026-10-03 20:00,Friendlies,Ivory Coast,Cameroon,0.6225,0.2466,0.1309,0.5038,0.2942,0.2021,home,0-1,away,2.0333,1.599
2026-10-03 22:00,CONCACAF Nations League,Sint Maarten,St. Vincent / Grenadines,0.2505,0.2395,0.51,0.2223,0.2607,0.517,away,2-4,away,0.6733,0.6597
2026-10-04 01:00,Friendlies,Argentina,Burkina Faso,0.878,0.1041,0.0179,0.7857,0.1471,0.0671,home,7-0,home,0.1301,0.2412
2026-10-04 03:00,Friendlies,USA,Mexico,0.3637,0.3061,0.3301,0.3765,0.2742,0.3493,home,3-0,home,1.0114,0.9768
2026-10-04 03:00,CONCACAF Nations League,Belize,French Guyana,0.2837,0.2443,0.4719,0.3501,0.297,0.3528,away,0-2,away,0.751,1.0419
